-- phpMyAdmin SQL Dump
-- version 4.4.14
-- http://www.phpmyadmin.net
--
-- Host: 127.0.0.1
-- Generation Time: Nov 30, 2015 at 04:08 AM
-- Server version: 5.6.26
-- PHP Version: 5.6.12

SET SQL_MODE = "NO_AUTO_VALUE_ON_ZERO";
SET time_zone = "+00:00";


/*!40101 SET @OLD_CHARACTER_SET_CLIENT=@@CHARACTER_SET_CLIENT */;
/*!40101 SET @OLD_CHARACTER_SET_RESULTS=@@CHARACTER_SET_RESULTS */;
/*!40101 SET @OLD_COLLATION_CONNECTION=@@COLLATION_CONNECTION */;
/*!40101 SET NAMES utf8mb4 */;

--
-- Database: `dirtytrucksdb`
--

-- --------------------------------------------------------

--
-- Table structure for table `acoplado`
--

CREATE TABLE IF NOT EXISTS `acoplado` (
  `ID` int(11) NOT NULL DEFAULT '0',
  `DESCRIPCION` varchar(50) DEFAULT NULL
) ENGINE=InnoDB DEFAULT CHARSET=latin1;

--
-- Dumping data for table `acoplado`
--

INSERT INTO `acoplado` (`ID`, `DESCRIPCION`) VALUES
(1, 'Semirremolque'),
(2, 'Acoplado Mixto'),
(3, 'Full Trailer');

-- --------------------------------------------------------

--
-- Table structure for table `cargo`
--

CREATE TABLE IF NOT EXISTS `cargo` (
  `ID` int(3) NOT NULL,
  `DESCRIPCION` varchar(25) NOT NULL
) ENGINE=InnoDB DEFAULT CHARSET=latin1;

--
-- Dumping data for table `cargo`
--

INSERT INTO `cargo` (`ID`, `DESCRIPCION`) VALUES
(1, 'CHOFER'),
(2, 'MECANICO');

-- --------------------------------------------------------

--
-- Table structure for table `cliente`
--

CREATE TABLE IF NOT EXISTS `cliente` (
  `ID` int(11) NOT NULL,
  `RAZON_SOCIAL` varchar(25) NOT NULL,
  `ACTIVO` int(1) NOT NULL
) ENGINE=InnoDB DEFAULT CHARSET=latin1;

--
-- Dumping data for table `cliente`
--

INSERT INTO `cliente` (`ID`, `RAZON_SOCIAL`, `ACTIVO`) VALUES
(1, 'BGH', 1),
(2, 'Sony', 1),
(3, 'Apple', 1);

-- --------------------------------------------------------

--
-- Table structure for table `destino`
--

CREATE TABLE IF NOT EXISTS `destino` (
  `ID` int(11) NOT NULL DEFAULT '0',
  `DIRECCION` varchar(50) DEFAULT NULL,
  `NUMERO` int(11) DEFAULT NULL,
  `ID_LOCALIDAD` int(11) DEFAULT NULL,
  `ID_PROV` int(11) DEFAULT NULL,
  `ID_PAIS` int(11) DEFAULT NULL
) ENGINE=InnoDB DEFAULT CHARSET=latin1;

--
-- Dumping data for table `destino`
--

INSERT INTO `destino` (`ID`, `DIRECCION`, `NUMERO`, `ID_LOCALIDAD`, `ID_PROV`, `ID_PAIS`) VALUES
(1, 'Sarrachaga', 103, 1, 1, 1),
(2, 'Larreta', 1600, 2, 5, 1),
(3, 'Bartolome Mitre', 500, 3, 4, 2),
(4, 'Pte. Peron ', 4560, 4, 3, 1);

-- --------------------------------------------------------

--
-- Table structure for table `empleado`
--

CREATE TABLE IF NOT EXISTS `empleado` (
  `ID` int(3) NOT NULL,
  `NOMBRE` varchar(25) NOT NULL,
  `APELLIDO` varchar(25) NOT NULL,
  `DNI` int(12) NOT NULL,
  `SEXO` char(1) NOT NULL,
  `FECHA_NACIMIENTO` date NOT NULL,
  `FECHA_INGRESO` date NOT NULL,
  `SUELDO` decimal(10,2) NOT NULL,
  `ID_CARGO` int(3) NOT NULL,
  `USUARIO` varchar(25) NOT NULL,
  `PASSWORD` varchar(25) NOT NULL,
  `ID_ROL` int(3) NOT NULL,
  `ACTIVO` char(1) NOT NULL,
  `AVATAR` varchar(50) DEFAULT NULL
) ENGINE=InnoDB AUTO_INCREMENT=46 DEFAULT CHARSET=latin1;

--
-- Dumping data for table `empleado`
--

INSERT INTO `empleado` (`ID`, `NOMBRE`, `APELLIDO`, `DNI`, `SEXO`, `FECHA_NACIMIENTO`, `FECHA_INGRESO`, `SUELDO`, `ID_CARGO`, `USUARIO`, `PASSWORD`, `ID_ROL`, `ACTIVO`, `AVATAR`) VALUES
(1, 'Juan', 'Perez', 36597152, 'M', '1988-01-12', '2015-11-22', '15000.00', 2, 'supervisor', '123', 3, '1', 'foto1'),
(20, 'Ramón', 'Aguirre', 2222, 'M', '2015-11-29', '2015-11-07', '1111.00', 1, 'administrador', '123', 2, '', 'foto2'),
(22, 'Carlos', 'Roa', 2233456, 'M', '2004-03-13', '2015-11-29', '22000.00', 1, 'chofer', '123', 1, '', 'foto3'),
(24, 'José ', 'Chamot', 66567890, 'M', '1988-07-17', '2015-11-29', '13400.00', 1, 'josem', '123', 2, '', 'foto4'),
(25, 'Mauricio Héctor', 'Pineda', 9987654, 'M', '1976-11-03', '2015-11-29', '13000.00', 2, 'mauriciom', '1234', 1, '', 'foto8'),
(26, 'Matías', 'Almeyda', 28456300, 'M', '1977-11-29', '2015-11-29', '9000.00', 2, 'almeyda', '123444', 2, '', 'foto6'),
(27, 'Roberto', 'Sensini', 8875677, 'M', '1990-04-17', '2015-11-29', '13000.00', 1, 'robert', 'skjsdklfds', 2, '', 'foto7'),
(28, 'Claudio Javier', 'López', 1234533, 'M', '1988-10-30', '2015-11-29', '8700.00', 1, 'piojo', 'lopezzzz', 1, '', 'foto8'),
(30, 'Diego Pablo', 'Simeone', 14322, 'M', '1970-06-19', '2015-11-12', '11000.00', 2, 'deigote', '123654', 1, '', 'foto9'),
(31, 'Gabriel ', 'Batistuta', 44345677, 'M', '1966-01-24', '2015-11-29', '15000.00', 1, 'gaby', '123333', 2, '', 'foto10'),
(45, 'German', 'Polosky', 4468800, 'M', '1993-03-12', '2015-04-11', '12600.00', 1, 'loco123', '223344', 1, '', '');

-- --------------------------------------------------------

--
-- Table structure for table `localidad`
--

CREATE TABLE IF NOT EXISTS `localidad` (
  `ID` int(11) NOT NULL DEFAULT '0',
  `DESCRIPCION` varchar(50) DEFAULT NULL
) ENGINE=InnoDB DEFAULT CHARSET=latin1;

--
-- Dumping data for table `localidad`
--

INSERT INTO `localidad` (`ID`, `DESCRIPCION`) VALUES
(1, '25 de Mayo'),
(2, 'Rawson'),
(3, 'Antofagasta'),
(4, 'Rodeo de la Cruz');

-- --------------------------------------------------------

--
-- Table structure for table `pais`
--

CREATE TABLE IF NOT EXISTS `pais` (
  `ID` int(11) NOT NULL,
  `DESCRIPCION` varchar(25) NOT NULL
) ENGINE=InnoDB DEFAULT CHARSET=latin1;

--
-- Dumping data for table `pais`
--

INSERT INTO `pais` (`ID`, `DESCRIPCION`) VALUES
(1, 'Argentina'),
(2, 'Chile');

-- --------------------------------------------------------

--
-- Table structure for table `parada`
--

CREATE TABLE IF NOT EXISTS `parada` (
  `ID` int(11) NOT NULL,
  `ID_DESTINO` int(11) DEFAULT NULL,
  `COORX` varchar(50) DEFAULT NULL,
  `COORY` varchar(50) DEFAULT NULL
) ENGINE=InnoDB DEFAULT CHARSET=latin1;

-- --------------------------------------------------------

--
-- Table structure for table `provincia`
--

CREATE TABLE IF NOT EXISTS `provincia` (
  `ID` int(11) NOT NULL,
  `DESCRIPCION` varchar(25) NOT NULL
) ENGINE=InnoDB DEFAULT CHARSET=latin1;

--
-- Dumping data for table `provincia`
--

INSERT INTO `provincia` (`ID`, `DESCRIPCION`) VALUES
(1, 'Buenos Aires'),
(2, 'Cordoba'),
(3, 'Mendoza'),
(4, 'Sgo. de Chile'),
(5, 'Chubut');

-- --------------------------------------------------------

--
-- Table structure for table `rol`
--

CREATE TABLE IF NOT EXISTS `rol` (
  `ID` int(3) NOT NULL,
  `DESCRIPCION` varchar(25) NOT NULL,
  `NIVEL` int(3) NOT NULL
) ENGINE=InnoDB DEFAULT CHARSET=latin1;

--
-- Dumping data for table `rol`
--

INSERT INTO `rol` (`ID`, `DESCRIPCION`, `NIVEL`) VALUES
(1, 'CHOFER', 1),
(2, 'ADMINISTRADOR', 2),
(3, 'SUPERVISOR', 3);

-- --------------------------------------------------------

--
-- Table structure for table `seguimiento`
--

CREATE TABLE IF NOT EXISTS `seguimiento` (
  `ID` int(3) NOT NULL,
  `ID_VIAJE` int(3) NOT NULL,
  `FECHA` date NOT NULL,
  `LT_COMBUSTIBLE` int(3) NOT NULL,
  `LUGAR_CARGA` varchar(100) NOT NULL,
  `COORX` varchar(50) DEFAULT NULL,
  `COORY` varchar(50) DEFAULT NULL
) ENGINE=InnoDB DEFAULT CHARSET=latin1;

-- --------------------------------------------------------

--
-- Table structure for table `service`
--

CREATE TABLE IF NOT EXISTS `service` (
  `ID` int(3) NOT NULL,
  `DOMINIO_VEHICULO` varchar(25) NOT NULL,
  `FECHA` date NOT NULL,
  `KM_VEHICULO` decimal(10,2) NOT NULL,
  `COSTO` decimal(10,2) NOT NULL,
  `ES_INTERNO` char(1) NOT NULL,
  `COMENTARIO` varchar(200) NOT NULL
) ENGINE=InnoDB DEFAULT CHARSET=latin1;

-- --------------------------------------------------------

--
-- Table structure for table `vehiculo`
--

CREATE TABLE IF NOT EXISTS `vehiculo` (
  `DOMINIO` varchar(25) NOT NULL,
  `MODELO` varchar(25) NOT NULL,
  `ANO` int(5) NOT NULL,
  `MARCA` varchar(25) NOT NULL,
  `NRO_CHASIS` bigint(50) NOT NULL,
  `NRO_MOTOR` bigint(50) NOT NULL,
  `ACTIVO` int(1) NOT NULL DEFAULT '1',
  `AVATAR` varchar(50) DEFAULT NULL
) ENGINE=InnoDB DEFAULT CHARSET=latin1;

--
-- Dumping data for table `vehiculo`
--

INSERT INTO `vehiculo` (`DOMINIO`, `MODELO`, `ANO`, `MARCA`, `NRO_CHASIS`, `NRO_MOTOR`, `ACTIVO`, `AVATAR`) VALUES
('AXE-752', 'FMX', 1999, 'Iveco', 688963, 146398, 1, 'foto1'),
('AXJ-777', 'TECTOR ATTACK', 2001, 'Iveco', 654987, 453987, 1, 'foto2'),
('CIH-796', 'TECTOR', 2012, 'Iveco', 255789, 236694, 1, 'foto4'),
('COH-876', 'CURSOR', 1999, 'Iveco', 369852, 741123, 1, 'foto3'),
('NYP-872', 'VM', 2015, 'Iveco', 698741, 369852, 1, 'foto5'),
('PYH-985', 'VERTIS', 2003, 'Iveco', 698745, 357159, 1, 'foto6'),
('RSC-987', 'FH', 2005, 'Iveco', 654185, 789546, 1, 'foto7');

-- --------------------------------------------------------

--
-- Table structure for table `viaje`
--

CREATE TABLE IF NOT EXISTS `viaje` (
  `ID` int(11) NOT NULL,
  `DOMINIO_VEHICULO` varchar(25) NOT NULL,
  `ID_DESTINO` int(11) NOT NULL,
  `ID_CLIENTE` int(11) NOT NULL,
  `FECHA_PROGRAMADA` date NOT NULL,
  `FECHA_INICIO` date NOT NULL,
  `FECHA_FIN` date NOT NULL,
  `CANT_KILOMETROS` int(11) NOT NULL,
  `ID_TIPO_ACOPLADO` int(11) NOT NULL,
  `ID_EMPLEADO` int(11) DEFAULT NULL
) ENGINE=InnoDB AUTO_INCREMENT=10 DEFAULT CHARSET=latin1;

--
-- Dumping data for table `viaje`
--

INSERT INTO `viaje` (`ID`, `DOMINIO_VEHICULO`, `ID_DESTINO`, `ID_CLIENTE`, `FECHA_PROGRAMADA`, `FECHA_INICIO`, `FECHA_FIN`, `CANT_KILOMETROS`, `ID_TIPO_ACOPLADO`, `ID_EMPLEADO`) VALUES
(2, 'RSC-987', 1, 2, '2015-11-25', '2015-11-29', '2015-12-06', 500, 1, 22),
(3, 'AXE-752', 1, 1, '2014-01-01', '2015-11-29', '2014-01-01', 500, 1, 22),
(5, 'PYH-985', 3, 2, '2015-11-30', '2015-11-14', '2015-12-01', 1200, 3, 28),
(6, 'PYH-985', 2, 2, '2015-11-30', '2015-12-03', '2015-12-06', 4600, 1, 31),
(7, 'AXJ-777', 4, 1, '2015-11-12', '2015-11-27', '2015-12-06', 13455, 3, 45),
(8, 'AXJ-777', 3, 1, '2015-11-30', '2015-11-30', '2016-01-02', 14000, 3, 20),
(9, 'COH-876', 1, 1, '2015-12-25', '2015-12-30', '2015-12-31', 1200, 2, 20);

-- --------------------------------------------------------

--
-- Table structure for table `viaje_chofer`
--

CREATE TABLE IF NOT EXISTS `viaje_chofer` (
  `ID_VIAJE` int(3) NOT NULL,
  `ID_CHOFER` int(3) NOT NULL
) ENGINE=InnoDB DEFAULT CHARSET=latin1;

--
-- Indexes for dumped tables
--

--
-- Indexes for table `acoplado`
--
ALTER TABLE `acoplado`
  ADD PRIMARY KEY (`ID`);

--
-- Indexes for table `cargo`
--
ALTER TABLE `cargo`
  ADD PRIMARY KEY (`ID`);

--
-- Indexes for table `cliente`
--
ALTER TABLE `cliente`
  ADD PRIMARY KEY (`ID`);

--
-- Indexes for table `destino`
--
ALTER TABLE `destino`
  ADD PRIMARY KEY (`ID`),
  ADD KEY `ID_PROV` (`ID_PROV`),
  ADD KEY `ID_PAIS` (`ID_PAIS`),
  ADD KEY `ID_LOCALIDAD` (`ID_LOCALIDAD`);

--
-- Indexes for table `empleado`
--
ALTER TABLE `empleado`
  ADD PRIMARY KEY (`ID`);

--
-- Indexes for table `localidad`
--
ALTER TABLE `localidad`
  ADD PRIMARY KEY (`ID`);

--
-- Indexes for table `pais`
--
ALTER TABLE `pais`
  ADD PRIMARY KEY (`ID`);

--
-- Indexes for table `parada`
--
ALTER TABLE `parada`
  ADD PRIMARY KEY (`ID`),
  ADD KEY `ID_DESTINO` (`ID_DESTINO`);

--
-- Indexes for table `provincia`
--
ALTER TABLE `provincia`
  ADD PRIMARY KEY (`ID`);

--
-- Indexes for table `rol`
--
ALTER TABLE `rol`
  ADD PRIMARY KEY (`ID`);

--
-- Indexes for table `seguimiento`
--
ALTER TABLE `seguimiento`
  ADD PRIMARY KEY (`ID`);

--
-- Indexes for table `service`
--
ALTER TABLE `service`
  ADD PRIMARY KEY (`ID`);

--
-- Indexes for table `vehiculo`
--
ALTER TABLE `vehiculo`
  ADD PRIMARY KEY (`DOMINIO`);

--
-- Indexes for table `viaje`
--
ALTER TABLE `viaje`
  ADD PRIMARY KEY (`ID`),
  ADD KEY `TIPO_ACOPLADO` (`ID_TIPO_ACOPLADO`),
  ADD KEY `ID_DESTINO` (`ID_DESTINO`),
  ADD KEY `ID_EMPLEADO` (`ID_EMPLEADO`);

--
-- Indexes for table `viaje_chofer`
--
ALTER TABLE `viaje_chofer`
  ADD PRIMARY KEY (`ID_VIAJE`,`ID_CHOFER`);

--
-- AUTO_INCREMENT for dumped tables
--

--
-- AUTO_INCREMENT for table `empleado`
--
ALTER TABLE `empleado`
  MODIFY `ID` int(3) NOT NULL AUTO_INCREMENT,AUTO_INCREMENT=46;
--
-- AUTO_INCREMENT for table `seguimiento`
--
ALTER TABLE `seguimiento`
  MODIFY `ID` int(3) NOT NULL AUTO_INCREMENT;
--
-- AUTO_INCREMENT for table `service`
--
ALTER TABLE `service`
  MODIFY `ID` int(3) NOT NULL AUTO_INCREMENT;
--
-- AUTO_INCREMENT for table `viaje`
--
ALTER TABLE `viaje`
  MODIFY `ID` int(11) NOT NULL AUTO_INCREMENT,AUTO_INCREMENT=10;
--
-- Constraints for dumped tables
--

--
-- Constraints for table `destino`
--
ALTER TABLE `destino`
  ADD CONSTRAINT `destino_ibfk_1` FOREIGN KEY (`ID_PROV`) REFERENCES `provincia` (`ID`),
  ADD CONSTRAINT `destino_ibfk_2` FOREIGN KEY (`ID_PAIS`) REFERENCES `pais` (`ID`),
  ADD CONSTRAINT `destino_ibfk_3` FOREIGN KEY (`ID_LOCALIDAD`) REFERENCES `localidad` (`ID`);

--
-- Constraints for table `parada`
--
ALTER TABLE `parada`
  ADD CONSTRAINT `parada_ibfk_1` FOREIGN KEY (`ID_DESTINO`) REFERENCES `destino` (`ID`);

--
-- Constraints for table `viaje`
--
ALTER TABLE `viaje`
  ADD CONSTRAINT `viaje_ibfk_1` FOREIGN KEY (`ID_TIPO_ACOPLADO`) REFERENCES `acoplado` (`ID`),
  ADD CONSTRAINT `viaje_ibfk_2` FOREIGN KEY (`ID_DESTINO`) REFERENCES `destino` (`ID`),
  ADD CONSTRAINT `viaje_ibfk_3` FOREIGN KEY (`ID_EMPLEADO`) REFERENCES `empleado` (`ID`);

/*!40101 SET CHARACTER_SET_CLIENT=@OLD_CHARACTER_SET_CLIENT */;
/*!40101 SET CHARACTER_SET_RESULTS=@OLD_CHARACTER_SET_RESULTS */;
/*!40101 SET COLLATION_CONNECTION=@OLD_COLLATION_CONNECTION */;
